"Helix","MeltR H1","MeltR H2","MeltR H3","MeltWin H1","MeltWin H2","MeltR S1","MeltR S2","MeltR S3","MeltWin S1","MeltWin S2","MeltR G1","MeltR G2","MeltR G3","MeltWin G1","MeltWin G2","MeltR Tm1","MeltR Tm2","MeltR Tm3","MeltWin Tm1","MeltWin Tm2"
"ACCGGU","-54.89 (-57.11 to -51.93)","-57.89 (-61.1 to -54.67)","-55.63 (-60.44 to -51.58)","-54.1 (4)","-53.8 (2.9)","-154.2 (-161.22 to -144.69)","-163.68 (-174 to -153.35)","-156.54 (-172.08 to -143.77)","-151.5 (12.4)","-150.5 (9.1)","-7.07 (-7.12 to -7.01)","-7.12 (-7.18 to -7.06)","-7.08 (-7.2 to -6.94)","-7.11 (0.2)","-7.12 (0.06)","45.05 (44.6 to 45.49)","44.94 (44.47 to 45.39)","45.03 (44.1 to 45.72)","45.4","45.6"
"CCAUGG","-60.37 (-61.33 to -59.56)","-60.25 (-61.18 to -59.32)","-59.93 (-61.31 to -58.83)","-60.4 (2)","-59.8 (1)","-172.79 (-175.85 to -170.23)","-172.39 (-175.37 to -169.44)","-171.3 (-175.6 to -167.81)","-173.6 (6.4)","-171.9 (3.3)","-6.78 (-6.8 to -6.75)","-6.79 (-6.8 to -6.76)","-6.8 (-6.85 to -6.77)","-6.52 (0.05)","-6.52 (0.01)","42.79 (42.65 to 42.88)","42.82 (42.66 to 42.9)","42.94 (42.83 to 43.03)","41.4","41.4"
"CGAAAGGU/ACCUUUCG","-68.2 (-69.59 to -66.9)","-68.07 (-69.68 to -66.8)","-67.19 (-69.53 to -65.96)","-67.02 (3.025)","-65.85 (1.448)","-188.37 (-192.64 to -184.42)","-188.02 (-193 to -184.12)","-185.25 (-192.46 to -181.42)","-184.51 (9.497)","-180.82 (4.495)","-9.77 (-9.84 to -9.71)","-9.76 (-9.84 to -9.68)","-9.73 (-9.84 to -9.65)","-9.8 (0.087)","-9.77 (0.055)","52.48 (52.25 to 52.64)","52.44 (52.31 to 52.59)","52.51 (52.28 to 52.77)","52.9","53"
"CGCGCG","-55.77 (-56.62 to -55)","-55.81 (-56.81 to -54.8)","-56.9 (-57.98 to -55.95)","-55.6 (1.3)","-52 (3.8)","-153.57 (-156.2 to -151.15)","-153.71 (-156.8 to -150.56)","-156.95 (-160.17 to -153.9)","-153.9 (4.3)","-142.6 (11.9)","-8.14 (-8.18 to -8.11)","-8.13 (-8.18 to -8.1)","-8.22 (-8.3 to -8.16)","-7.85 (0.17)","-7.72 (0.16)","51.34 (51.25 to 51.43)","51.28 (51.17 to 51.42)","51.54 (51.18 to 51.79)","49.6","49.7"
"CGUUGC/GCAACG","-51.61 (-52.98 to -49.85)","-48.82 (-51.77 to -46.68)","-51.44 (-53.34 to -50.12)","-51.06 (3.567)","-48.17 (1.779)","-143.79 (-148.21 to -138.08)","-134.99 (-144.56 to -128.2)","-143.11 (-149.1 to -138.81)","-141.39 (11.476)","-132.17 (5.73)","-7.01 (-7.07 to -6.94)","-6.96 (-7.02 to -6.89)","-7.06 (-7.14 to -6.95)","-7.21 (0.087)","-7.18 (0.024)","39.91 (39.46 to 40.3)","39.74 (39.24 to 40.21)","40.19 (39.59 to 40.57)","41.2","41.2"
"CUGAGUC/GACUCAG","-64.24 (-65.12 to -63.31)","-64.25 (-65.21 to -63.16)","-63.41 (-64.29 to -62.72)","-63.32 (1.928)","-63.61 (1.507)","-177.85 (-180.62 to -174.9)","-177.88 (-180.88 to -174.47)","-175.17 (-177.91 to -173.06)","-174.65 (6.191)","-175.57 (4.712)","-9.08 (-9.1 to -9.06)","-9.08 (-9.11 to -9.05)","-9.08 (-9.14 to -9.03)","-9.15 (0.03)","-9.16 (0.047)","49.82 (49.68 to 49.95)","49.82 (49.71 to 49.92)","49.99 (49.76 to 50.2)","50.4","50.4"
"FAMCGAAAGGU/ACCUUUCGBHQ1","-83.62 (-87.32 to -79.99)","-83.24 (-88.33 to -79.86)","-80.78 (-83.72 to -78.49)","-81.12 (1.583)","-81.05 (6.734)","-225.31 (-236.37 to -214.42)","-224.18 (-239.35 to -214.03)","-217.03 (-226.08 to -210.22)","-217.61 (5.076)","-217.41 (20.017)","-13.75 (-14.01 to -13.48)","-13.71 (-14.1 to -13.46)","-13.47 (-13.71 to -13.28)","-13.63 (0.092)","-13.62 (0.538)","66.28 (66.02 to 66.65)","66.28 (65.95 to 66.72)","66.14 (65.55 to 66.74)","66.7","66.7"
"FAMCGUUGC/GCAACGBHQ1","-58.46 (-60.45 to -56.31)","-62.22 (-68.16 to -52.26)","-59.98 (-61.79 to -57.34)","-61.47 (3.4)","-62.23 (3.751)","-155.88 (-161.97 to -149.38)","-167.37 (-185.65 to -136.34)","-160.62 (-166.06 to -152.67)","-164.74 (10.499)","-167.11 (11.45)","-10.12 (-10.29 to -9.96)","-10.31 (-10.62 to -9.94)","-10.16 (-10.3 to -9.98)","-10.38 (0.163)","-10.4 (0.207)","57.26 (56.88 to 58.17)","57.11 (56.55 to 58.88)","56.99 (56.7 to 57.3)","57.7","57.6"
"FAMCUGAGUC/GACUCAGBHQ1","-75.26 (-77.4 to -73.85)","-75.3 (-78.22 to -73.55)","-75.25 (-76.97 to -72.57)","-74.43 (2.316)","-74.63 (6.17)","-200.22 (-206.44 to -196.06)","-200.32 (-208.82 to -195.16)","-199.97 (-204.97 to -192.16)","-197.46 (6.709)","-198.05 (18.308)","-13.17 (-13.4 to -13.03)","-13.17 (-13.45 to -13.02)","-13.23 (-13.37 to -13)","-13.19 (0.275)","-13.21 (0.508)","66.99 (66.86 to 67.19)","67 (66.82 to 67.25)","67.31 (66.99 to 67.62)","67.5","67.5"
"GAUAUAUC","-72.95 (-74.09 to -71.66)","-64.55 (-66.14 to -63.41)","-72.78 (-74.2 to -71.38)","-74.2 (4.4)","-66 (2.4)","-217.88 (-221.54 to -213.71)","-190.54 (-195.68 to -186.79)","-217.23 (-221.76 to -212.89)","-221.7 (14.2)","-195 (7.9)","-5.37 (-5.4 to -5.33)","-5.46 (-5.49 to -5.43)","-5.4 (-5.44 to -5.35)","-5.41 (0.06)","-5.48 (0.04)","35.72 (35.58 to 35.84)","35.95 (35.81 to 36.09)","35.84 (35.64 to 36.01)","35.9","36.1"
"GCAAUUGC","-77.51 (-78.71 to -75.8)","-75.9 (-77.3 to -74.1)","-80.97 (-84.43 to -78.03)","-79.4 (3.8)","-78.1 (1.7)","-222.11 (-225.79 to -216.83)","-217.15 (-221.55 to -211.63)","-232.88 (-243.67 to -223.74)","-229.8 (11.9)","-225.7 (5.3)","-8.63 (-8.69 to -8.55)","-8.55 (-8.59 to -8.47)","-8.74 (-8.86 to -8.63)","-8.15 (0.12)","-8.09 (0.05)","49.27 (49.14 to 49.35)","49.19 (49.08 to 49.3)","49.19 (49.11 to 49.25)","47","46.9"
"UAUAUAUA","-62.24 (-66.05 to -59.75)","-61.98 (-65.43 to -59.02)","-64.25 (-66.27 to -62.4)","-63.1 (2.2)","-62.5 (2.6)","-193.76 (-206.92 to -185.22)","-192.86 (-204.74 to -182.69)","-200.38 (-207.18 to -194.08)","-196.1 (7.4)","-194.2 (9)","-2.14 (-2.31 to -1.87)","-2.16 (-2.36 to -1.91)","-2.1 (-2.2 to -2)","-2.27 (0.09)","-2.3 (0.17)","20.35 (20.08 to 20.51)","20.35 (20.15 to 20.54)","20.65 (20.52 to 20.76)","21.1","21.1"
