F,R,G,H,S
CCGG,CCGG,-4.55,-34.21,-95.6
CGCG,CGCG,-3.66,-33.31,-95.6
GCGC,GCGC,-4.61,-30.48,-83.4
GGCC,GGCC,-5.37,-35.79,-98.1
ACGCA,UGCGU,-4.97,-45.4,-130.4
AGCGA,UCGCU,-5.05,-46.31,-133
CACAG,CUGUG,-4.7,-40.2,-115.4
GCACG,CGUGC,-6.17,-45.31,-126.2
GCUCG,CGAGC,-6.14,-43.38,-120.1
ACCGGU,ACCGGU,-8.51,-59.78,-164.5
AGCGCU,AGCGCU,-7.99,-50.07,-135.7
AGGCCU,AGGCCU,-8.36,-48.19,-128.4
CACGUG,CACGUG,-6.59,-50.31,-141
CAGCUG,CAGCUG,-6.68,-51.55,-144.7
CCAUGG,CCAUGG,-7.3,-56.93,-159.9
CCGCGG,CCGCGG,-9.84,-60.79,-164.3
CCUAGG,CCUAGG,-7.8,-54.1,-149.1
CGCGCG,CGCGCG,-9.12,-54.51,-146.4
CGGCCG,CGGCCG,-9.9,-54.12,-142.6
CUGCAG,CUGCAG,-7.11,-55.41,-155.7
GACGUC,GACGUC,-7.35,-58.06,-163.5
GAGAGA,UCUCUC,-6.95,-62.05,-178.1
GAGCUC,GAGCUC,-7.98,-62.3,-175.3
GAGGAG,CUCCUC,-8.5,-55.7,-152.2
GCAACG,CGUUGC,-7.01,-50.57,-140.5
GCAUCG,CGAUGC,-7.26,-51.89,-143.9
GCAUGC,GCAUGC,-7.38,-62.34,-177.2
GCCGCG,CGCGGC,-10.88,-59.69,-157.4
GCCGGC,GCCGGC,-11.2,-62.72,-166
GCGCCG,CGGCGC,-10.91,-57.85,-151.3
GCGCGC,GCGCGC,-10.62,-65.98,-178.5
GCGCGG,CCGCGC,-11.38,-71.16,-192.7
GCGGCG,CGCCGC,-10.4,-58.5,-155
GCGUCG,CGACGC,-8.76,-52.38,-140.6
GCUACG,CGUAGC,-7.56,-58.02,-162.7
GCUAGC,GCUAGC,-7.92,-59.13,-165.1
GGAUCC,GGAUCC,-7.44,-53.7,-149.1
GGCGCC,GGCGCC,-11.33,-67.78,-182
GGCGCG,CGCGCC,-10.78,-63.53,-170.1
GGUACC,GGUACC,-7.35,-54.9,-153.4
GUCGAC,GUCGAC,-7.09,-53.63,-150.1
GUGCAC,GUGCAC,-7.65,-59.61,-167.5
GUGGUG,CACCAC,-7.67,-48.84,-132.7
GUGUCG,CGACAC,-7.18,-50.88,-140.9
UCAUGA,UCAUGA,-4.31,-41.89,-121.2
UCCGGA,UCCGGA,-7.79,-51.92,-142.3
UCGCGA,UCGCGA,-6.85,-48.94,-135.7
UCUAGA,UCUAGA,-4.95,-36.53,-101.8
UGAUCA,UGAUCA,-5.05,-44.73,-128
UGCGCA,UGCGCA,-8.22,-51.54,-139.7
AAGGAGG,CCUCCUU,-9.54,-58.72,-158.6
ACUGUCA,UGACAGU,-7.92,-52.24,-142.9
AGUCUGA,UCAGACU,-7.52,-51.48,-141.8
GACUCAG,CUGAGUC,-9.05,-64.11,-177.5
GAGUGAG,CUCACUC,-9.71,-70.49,-196
GUCACUG,CAGUGAC,-8.62,-57.81,-158.6
AACUAGUU,AACUAGUU,-7.16,-54.62,-153
AAUGCAUU,AAUGCAUU,-7.18,-59.81,-169.7
ACCUUUGC,GCAAAGGU,-10.64,-77.42,-215.3
ACUAUAGU,ACUAUAGU,-6.98,-59.21,-168.4
ACUUAAGU,ACUUAAGU,-6.16,-47.23,-132.4
AGAGAGAG,CUCUCUCU,-11.12,-73.66,-201.7
AGAUAUCU,AGAUAUCU,-6.58,-64.51,-186.8
AGUUAACU,AGUUAACU,-6.36,-52.42,-148.5
AUACGUAU,AUACGUAU,-6.53,-54.36,-154.2
AUCUAGAU,AUCUAGAU,-7.2,-59.89,-169.9
AUGCGCAU,AUGCGCAU,-10.17,-64.39,-174.8
AUGUACAU,AUGUACAU,-6.49,-55.91,-159.3
CAAAAAAG,CUUUUUUG,-4.61,-53.83,-158.7
CAUGCAUG,CAUGCAUG,-9.67,-73.67,-206.3
CGACGCAG,CUGCGUCG,-12.32,-70.45,-187.4
CUCGCACA,UGUGCGAG,-12.11,-72.61,-195.1
GAACGUUC,GAACGUUC,-9.3,-77,-218.3
GAUAUAUC,GAUAUAUC,-6.09,-62.04,-180.4
GAUGCAUC,GAUGCAUC,-10.12,-72.75,-201.9
GGCUUCAA,UUGAAGCC,-10.2,-61.59,-165.7
GUAUAUAC,GUAUAUAC,-5.94,-63.35,-185.1
GUCUAGAC,GUCUAGAC,-10.11,-76.02,-212.5
GUUCGAAC,GUUCGAAC,-8.76,-74.19,-211
UAGAUCUA,UAGAUCUA,-7.25,-60.15,-170.6
UAUGCAUA,UAUGCAUA,-7.27,-67.73,-195
UCCUUGCA,UGCAAGGA,-11.09,-70.27,-190.8
UCUAUAGA,UCUAUAGA,-6.96,-62.06,-177.7
UGACCUCA,UGAGGUCA,-12.34,-76.09,-205.6
UUCCGGAA,UUCCGGAA,-10.79,-67.43,-182.6
UUGCGCAA,UUGCGCAA,-10.18,-62.17,-167.6
UUGGCCAA,UUGGCCAA,-11,-63.68,-169.8
UUGUACAA,UUGUACAA,-6.7,-49.45,-137.8
CAAAAAAAG,CUUUUUUUG,-5.47,-59.78,-175.1
AAGGUUGGAA,UUCCAACCUU,-12.69,-75.84,-203.6
