Helix,H3,H.MW1,S3,S.MW1,G3,G.MW1,Tm3,Tm.MW1,pH,pS,pG,pTm
ACCGGU,-56.53 (-60.25 to -53.16),-54.1 (±4),-159.96 (-172.21 to -149.33),-151.5 (±12.4),-6.91 (-7.07 to -6.79),-7.11 (±0.2),43.94 (43.08 to 44.54),45.4,4.4,5.4,2.9,3.3
CCAUGG,-59.86 (-61.28 to -58.83),-60.4 (±2),-171.4 (-175.85 to -168.12),-173.6 (±6.4),-6.7 (-6.75 to -6.67),-6.52 (±0.05),42.37 (42.28 to 42.51),41.4,0.9,1.3,2.7,2.3
CGAAAGGU/ACCUUUCG,-67.98 (-69.89 to -66.16),-67.02 (±3.025),-186.59 (-192.46 to -181.12),-184.51 (±9.497),-10.11 (-10.2 to -10),-9.8 (±0.087),54.21 (53.95 to 54.54),52.9,1.4,1.1,3.1,2.4
CGCGCG,-56.76 (-57.94 to -55.81),-55.6 (±1.3),-156.93 (-160.59 to -153.94),-153.9 (±4.3),-8.09 (-8.16 to -8.01),-7.85 (±0.17),50.76 (50.35 to 51.04),49.6,2.1,1.9,3.0,2.3
CGUUGC/GCAACG,-51.92 (-54.53 to -50.37),-51.06 (±3.567),-143.61 (-151.88 to -138.78),-141.39 (±11.476),-7.38 (-7.45 to -7.28),-7.21 (±0.087),42.13 (41.56 to 42.39),41.2,1.7,1.6,2.3,2.2
CUGAGUC/GACUCAG,-63.31 (-64 to -62.69),-63.32 (±1.928),-173.83 (-175.92 to -171.93),-174.65 (±6.191),-9.39 (-9.44 to -9.35),-9.15 (±0.03),51.69 (51.43 to 51.88),50.4,0.0,0.5,2.6,2.5
FAMCGAAAGGU/ACCUUUCGBHQ1,-80.92 (-83.27 to -79.05),-81.12 (±1.583),-216.39 (-223.4 to -210.93),-217.61 (±5.076),-13.81 (-14 to -13.65),-13.63 (±0.092),67.66 (67.13 to 68.11),66.7,0.2,0.6,1.3,1.4
FAMCGUUGC/GCAACGBHQ1,-60.32 (-62.02 to -58.19),-61.47 (±3.4),-160.72 (-165.71 to -154.29),-164.74 (±10.499),-10.48 (-10.61 to -10.33),-10.38 (±0.163),58.7 (58.37 to 58.92),57.7,1.9,2.5,1.0,1.7
FAMCUGAGUC/GACUCAGBHQ1,-75.38 (-77.21 to -73.3),-74.43 (±2.316),-199.36 (-204.73 to -193.23),-197.46 (±6.709),-13.54 (-13.71 to -13.34),-13.19 (±0.275),68.82 (68.47 to 69.33),67.5,1.3,1.0,2.6,1.9
GAUAUAUC,-74.15 (-78.59 to -71.74),-74.2 (±4.4),-221.96 (-236.28 to -214.21),-221.7 (±14.2),-5.31 (-5.34 to -5.27),-5.41 (±0.06),35.47 (35.26 to 35.59),35.9,0.1,0.1,1.9,1.2
GCAAUUGC,-81.24 (-84.35 to -79.04),-79.4 (±3.8),-234.11 (-243.79 to -227.28),-229.8 (±11.9),-8.63 (-8.73 to -8.54),-8.15 (±0.12),48.71 (48.64 to 48.78),47,2.3,1.9,5.7,3.6
,,,,,,,,,1.5,1.6,2.6,2.3
